﻿<page title="Contact">
	<h2>Feedback</h2>
	<p>If you are interested in the ASAP project, please subscribe its
	<a href="https://lists.sourceforge.net/lists/listinfo/asap-users">mailing list</a>.
	This list is for users and developers.
	Once you subscribe, you can post comments, ideas and questions about ASAP.
	They will be answered ASAP. ;-)</p>
	<p>Use <a href="https://sourceforge.net/p/asap/_list/tickets">tracker</a>
	to submit bug reports, feature request and small code patches.</p>

	<h2>For software developers</h2>
	<p>Download the latest source release: <download prefix="asap-" suffix=".tar.gz" />
	or <a href="https://sourceforge.net/p/asap/code/ci/master/tree/">browse Git repository</a>.</p>
	<p>The project is hosted on SourceForge. Check out <a href="https://sourceforge.net/p/asap/">project pages</a>.</p>
	<p>ASAP is based on a development library, which you can easily embed in your program.
	It's not only a fully portable C library - it's better than that.
	Since ASAP is written in <a href="https://fusion-lang.org">Fusion</a>,
	it is also available as pure C++, C#, Java, JavaScript, Python, Swift and OpenCL.</p>
	<img src="asap-internals.png" alt="Architecture diagram" />

	<authors>
		<author name="Piotr Fusik" email="piotr@fusion-lang.org" href="https://fusik.info/piotr/">Creator and lead developer.</author>
		<author name="Atari800 Emulator Developers" href="https://atari800.github.io/">6502 and POKEY emulation used in 0.x.y versions of ASAP.</author>
		<author name="Rod Castler" href="https://commons.wikimedia.org/wiki/File:POKEY_chip_on_an_Atari_130XE_motherboard.jpg">Android background photo.</author>
		<author name="Zdenek Eisenhammer" email="pg@pinknet.cz">Testing.</author>
		<author name="Maciej Grzybek" email="grzybson@pigwa.net">Fixed an overflow in the Silverlight port.</author>
		<author name="Jakub Husak" email="jakub.husak@gmail.com" href="http://husak.pl/">SAP fingerprint calculation. asapscan fixes.</author>
		<author name="Henryk Karpowicz" email="henkar@poczta.tygrys.net">CMC routine modified for the CM3 format.</author>
		<author name="Maciek Konecki" email="maciusk1@wp.pl">Porting to C#.</author>
		<author name="Marek Konopka" email="konop11@poczta.onet.pl">6502 routine for playing DLT.</author>
		<author name="Daniel Koźminski" email="daniel.kozminski@gmail.com">Ideas.</author>
		<author name="Jerzy Kut" email="mono@atari.pl" href="http://mono.atari.pl/">FC format.</author>
		<author name="Marcin Lewandowski" email="jaskier@atari8.info" href="http://jaskier.atari8.info/">6502 routines for playing CMC, MPT, TMC and TM2.</author>
		<author name="Ian Luck" email="il@un4seen.com">Guided development of XMPlay and BASS plugins.</author>
		<author name="MarOk" email="marok7@os.pl">CMS routine fix.</author>
		<author name="Adrian Matoga" email="adrian@matoga.info">Implemented POKEY nonlinearities, configurable sample rate, D port. Photo of stereo POKEY.</author>
		<author name="Perry McFarlane" email="perry_m@fastmail.fm">POKEY reverse-engineering.</author>
		<author name="Kostas Nakos" email="knakos@gmail.com">Windows CE testing.</author>
		<author name="Petri Pyy" email="laskipeto@gmail.com">macOS releases.</author>
		<author name="Mariusz Rozwadowski" rip="true">Suggested CMS, CM3, DLT and STIL format support.</author>
		<author name="Sławomir Śledź" email="slaves@scene.pl">Windows Mobile setup. Thorough testing.</author>
		<author name="David Spilka">6502 routine for playing CMS.</author>
		<author name="Radek Štěrba" rip="true">6502 routine for playing RMT. Testing.</author>
		<author name="Łukasz Sychowicz" email="xray@scene.pl">Windows icons. Testing.</author>
		<author name="Paweł Szewczyk" email="ripek@op.pl">Windows setup graphics.</author>
		<author name="Michał Szpilowski" email="miker@atari.pl">Testing.</author>
		<author name="takron27">Android beta-testing.</author>
		<author name="Piotr Wiszowaty" email="piotr.wiszowaty@onet.pl">VLC 3 compatibility.</author>
		<author name="Grzegorz Żyła" email="gsunr@poczta.onet.pl">XBMC plugin testing.</author>
	</authors>

	<h2>Third-party projects using ASAP</h2>
	<p>The following projects already use ASAP:</p>
	<ul>
		<li><a href="https://github.com/baktragh/mmSAP">mmSAP</a> - standalone player for GNU/Linux and Windows with GTK+ user interface</li>
		<li><a href="https://www.rockbox.org/">Rockbox</a> - open source firmware for MP3 players</li>
		<li><a href="http://bzrplayer.blazer.nu/">BZR Player</a> - player for Windows</li>
		<li>Game Music Gear MX - player for PlayStation Portable</li>
		<li><a href="https://yoyofr.blogspot.com/p/modizer.html">Modizer</a> - player for iPhone, iPod and iPad</li>
		<li><a href="https://www.chipamp.org/">Chipamp</a> - bundle of plugins for Winamp</li>
		<li><a href="http://atari-sounds.fatmagnus.ppa.pl/">Atari Sounds For The Masses</a> - GUI frontend to asapconv for macOS</li>
		<li><a href="http://dangerousprototypes.com/forum/viewtopic.php?t=3944">Atari POKEY 8-bit Computer Sound on PIC32</a> - ASAP on a microcontroller</li>
		<li><a href="http://mxplay.atari.org/">mxPlay</a> - audio player for Atari Falcon</li>
		<li><a href="https://github.com/epi/enotracker">enotracker</a> - POKEY music editor for PC</li>
		<li><a href="https://www.wothke.ch/webasap/">WebAsap</a> - HTML5/WebAudio port</li>
		<li><a href="https://zxtune.bitbucket.io/">ZXTune</a> - AY/SID/POKEY player for Windows/macOS/Linux/Android</li>
		<li><a href="https://github.com/1ucasvb/pokey2midi">POKEY2MIDI</a> - converter to MIDI music files</li>
		<li><a href="https://turgen.sourceforge.io">TURGEN</a> - tool for authoring tapes with software for Atari 8-bit computers</li>
		<li><a href="https://www.wudsn.com/index.php/ide">WUDSN IDE</a> - Eclipse plugin for 8-bit software development</li>
	</ul>
</page>
