﻿<page title="News">
	<release version="6.0.3" date="2024-03-09">
		<ul>
			<li>Fixed Windows installer broken in 6.0.2.</li>
			<li>Fixed XMPlay crash for multi-subsong files.</li>
		</ul>
	</release>

	<release version="6.0.2" date="2024-01-22">
		<ul>
			<li>foobar2000 displays the sample rate in the status bar.</li>
		</ul>
		<ul title="Android">
			<li>Fixed crash on playback start on Android 14.</li>
			<li>Next/previous within search results, not the whole archive.</li>
			<li>Loops are played for files selected from the file picker.</li>
		</ul>
	</release>

	<release version="6.0.1" date="2023-11-17">
		<ul>
			<li>Fixed severe audio distortions in ASAP 6.0.0.</li>
			<li>Sample rate configurable in foobar2000, Winamp and XMPlay.</li>
			<li>foobar2000 dark mode.</li>
		</ul>
	</release>

	<release version="6.0.0" date="2023-09-21">
		<ul title="POKEY emulation improvements by Adrian Matoga">
			<li><a href="https://en.wikipedia.org/wiki/Beat_(acoustics)">Beats</a> using ultrasounds.</li>
			<li>POKEY audio nonlinearities.</li>
			<li>Configurable sample rate.</li>
		</ul>
		<ul title="Android">
			<li>Share song links which can be open in ASAP or a web browser.</li>
			<li>Authors and dates shown in gray on the list.</li>
		</ul>
		<ul title="64-bit Windows plugins">
			<li>64-bit BASS/AIMP plugin.</li>
			<li>64-bit foobar2000 plugin included in the <code>*-win64.msi</code> installer.</li>
		</ul>
	</release>

	<release version="5.3.0" date="2023-02-08">
		<ul>
			<li>Fixed SAP author nicknames not shown if their real name is unknown.</li>
			<li>NTSC/PAL toggle in the File Information window and asapconv.</li>
			<li>Support for 64-bit foobar2000 2.0. Currently in beta.</li>
			<li>Reworked the JavaScript player. Added a seek bar.</li>
		</ul>
		<ul title="Android">
			<li>Replaced the playback screen with a bottom panel.</li>
			<li>POKEY chip photos in the background. Two POKEYs if playing in stereo!</li>
			<li>New layout for landscape orientation.</li>
			<li>Switched to system file picker. Supports local and cloud storage. Removed ZIP, ATR and M3U support.</li>
			<li>Preliminary support for Android TV. Hardly usable because of no search.</li>
			<li>New icon.</li>
		</ul>
	</release>

	<release version="5.2.0" date="2021-12-08">
		<ul>
			<li>Fixed "click" glitches. Depending on the music and the ASAP port, they were happening every dozen of seconds or not at all.</li>
			<li>New XMMS2 plugin. Ubuntu and Fedora packages available.</li>
			<li>Experimental OpenCL port running on a GPU.</li>
			<li>Limited memory allocations on loading SAP files.</li>
			<li>foobar2000: Minor stability fix for parallel conversions.</li>
		</ul>
		<ul title="Android">
			<li>Control playback from the notification and the lock screen.</li>
			<li>Voice assistant commands (such as "pause playback", "next song", "seek to one minute"). No voice search yet.</li>
			<li>Display metadata and control playback via Bluetooth.</li>
			<li>Pause playback on Bluetooth disconnected.</li>
			<li>Requires Android 5.0+.</li>
		</ul>
	</release>

	<release version="5.1.0" date="2021-07-09">
		<ul>
			<li>Android app includes the current state of the <a href="http://asma.scene.pl">ASMA repo</a>.</li>
			<li>Fixed memory leaks in the BASS/AIMP plugin.</li>
			<li>Unicode filenames in Windows Explorer.</li>
			<li>Fixed "-ft" in chksap.</li>
			<li>SAP filenames shown in TortoiseMerge.</li>
			<li>Windows and macOS binaries are now signed.</li>
			<li>Pure Python and Swift ASAP2WAVs.</li>
			<li>JavaScript ASAP2WAV supports Node.js, drops support for DMDScript and JScript.</li>
		</ul>
	</release>

	<release version="5.0.1" date="2020-01-19">
		<ul>
			<li>Android: search by author.</li>
			<li>Windows: some 5.0.0 plugins required <code>libgcc_s_dw2-1.dll</code> - fixed.</li>
		</ul>
	</release>

	<release version="5.0.0" date="2019-11-21">
		<ul>
			<li>Upgraded the <a href="https://github.com/pfusik/cito">Ć programming language</a>.</li>
			<li>Upgraded C code to C99.</li>
		</ul>
		<ul title="Android">
			<li>Fixed app crashes.</li>
			<li>Pause playback when another app plays.</li>
			<li>No longer require phone state permission.</li>
			<li>Request file permissions only when browsing files.</li>
			<li>Ability to adjust volume before playback.</li>
		</ul>
	</release>

	<release version="4.0.0" date="2019-01-10">
		<ul>
			<li>Removed ports: Windows 8, Windows Mobile, Windows Media Player, Java ME, Java applet, Silverlight, Flash Player, Adobe AIR, gstreamer, Audacious, XBMC, GSPlayer, Apollo.</li>
			<li>Updated to AIMP 4, VLC 3, MOC 2.5.</li>
			<li>Bundled ASMA in the Android app.</li>
			<li>Fixed the file selector on new Androids.</li>
			<li>Support MyDOS directories in ATRs.</li>
			<li>Emulate interrupts of the extra POKEY.</li>
			<li>Support high resolutions on Windows.</li>
			<li>foobar2000 plays non-ASAP files (e.g. MOD) from ATRs.</li>
			<li>asapconv released on macOS.</li>
			<li>Extract from SAP and relocate a native module in one go.</li>
			<li>Fixed a buffer overflow while extracting FC from SAP.</li>
		</ul>
	</release>

	<release version="3.2.0" date="2014-06-23">
		<ul>
			<li>Reduced amplitude by a half to avoid clipping loud tunes.</li>
			<li>Fixed silence detection for GTIA and COVOX sounds.</li>
			<li>asapconv supports conversion to one WAV/RAW/MP3/XEX file per subsong.</li>
			<li>File Information window in the foobar2000 plugin.</li>
			<li>Updated the XBMC plugin for the new XBMC.</li>
			<li>The VLC plugin no longer requires OS X 10.8.</li>
		</ul>

		<ul title="Android changes">
			<li>Android 4.4 can now read the memory card.</li>
			<li>Switch to the next song when the current one ends.</li>
			<li>Fixed playback not resuming after a while of pause.</li>
			<li>Search files using on-screen keyboard.</li>
			<li>Removed HTTP playback.</li>
			<li>Files with duplicate titles were lost in the details view.</li>
		</ul>
	</release>

	<release version="3.1.6" date="2014-01-15">
		<ul title="Android">
			<li>Given access to the whole filesystem by always starting in the root directory.</li>
			<li>Play files from ATR disk images.</li>
			<li>Display the path in the file selector.</li>
			<li>Dimmed the background wallpaper.</li>
			<li>Modified file associations for compatibility with some file managers.</li>
			<li>An option to move the installed application to a memory card.</li>
		</ul>

		<ul title="Other ports">
			<li>foobar2000: fixed parallel conversion.</li>
			<li>ATR: added support for MyDOS disk images larger than 256k.</li>
			<li>Silverlight: fixed playback of songs longer than 3:34 (by Maciej "Grzybson" Grzybek).</li>
			<li>CMS: fixed playback of blank patterns (by MarOk).</li>
		</ul>
	</release>

	<release version="3.1.5" date="2013-08-17">
		<ul>
			<li>Android: fixed playback on Android 4.1+, disconnecting a headset pauses the playback,
			update position and avoid "process not responding" during seek,
			start in root directory if there's no memory card.</li>
			<li>GStreamer plugin gets autoplugged (read: SAPs play in GStreamer-based players).</li>
			<li>WASAP plays the music to its very end.</li>
			<li>Fixed crash on malformed RMT files.</li>
			<li>Restored Audacious 2.x compatibility.</li>
			<li>DEB packages.</li>
			<li>foobar2000 <code>*.fb2k-component</code> package.</li>
		</ul>
	</release>

	<release version="3.1.4" date="2013-04-29">
		<ul>
			<li>Android: plays in background, can switch to the next/previous/random file,
			opens M3U playlists, file selector can display metadata, "back" returns to parent directory.</li>
			<li>WASAP fixed to avoid occasional deadlock when opening files during playback.</li>
			<li>The VLC plugin compiled for OS X.</li>
			<li>64-bit RPMs.</li>
			<li>Fixed time detection for CMS.</li>
			<li>Windows Explorer displays titles for RMT, TMC, TM2.</li>
			<li>"Show information about the currently playing file" restored after Winamp/XMPlay restart.</li>
			<li>TortoiseSVN and TortoiseGit plugins don't depend on libz-1.dll.</li>
			<li>asapscan calculates SAP fingerprints (contributed by Jakub Husak).</li>
			<li>Experimental ASAP2WAV in Perl.</li>
		</ul>
	</release>

	<release version="3.1.3" date="2012-12-04">
		<ul>
			<li>The foobar2000 plugin plays files inside ATR disk images.</li>
			<li>The VLC and AIMP 3 plugins support RMT and FC in addition to SAP.</li>
			<li>The Audacious plugin can edit AUTHOR, NAME and year, upgraded to Audacious 3.3.</li>
			<li>The GStreamer plugin handles TIME, AUTHOR, NAME, DATE and seek, compiled for Windows.</li>
			<li>Fixed the JAD file for the Java midlet.</li>
			<li>Created RPMs for VLC and GStreamer.</li>
			<li>Experimental Windows 8 port.</li>
		</ul>
	</release>

	<release version="3.1.2" date="2012-06-25">
		<ul>
			<li>Created a VLC plugin (SAP format only).</li>
			<li>The JavaScript player now works in Chrome, Firefox, Internet Explorer 9 and 6,
			using <a href="https://github.com/grantgalitz/XAudioJS">XAudioJS</a>.</li>
			<li>Flash Player, Java applet, Silverlight and JavaScript players were put in a single "web" package.</li>
			<li>UTF-8 encoding is supported for STIL.</li>
			<li>Author is no longer hidden in the converted XEX files.</li>
			<li>The Winamp plugin opens ATR disk images and plays files inside them.</li>
			<li>The Audacious plugin updated to Audacious 3.2 and compiled for Windows.</li>
			<li>The BASS add-on made compatible with AIMP 3 (SAP format only).</li>
			<li>Enabled title/author/year in the BASS add-on (only selected BASS-based players use it,
			for example <a href="https://sourceforge.net/projects/encorebassing/">EncoreBassing</a>).</li>
			<li>The Windows Media Player codec supports subsongs, AUTHOR and NAME
			(this works at least with Media Player Classic Home Cinema).</li>
			<li>Extended and unified the JavaScript interface of the web players.</li>
			<li>New TortoiseSVN and TortoiseGit plugins show changes in SAP tags.</li>
		</ul>
	</release>

	<release version="3.1.1" date="2011-10-26">
		<ul>
			<li>Converted XEX files may optionally display information.</li>
			<li>Fixed conversion of some TYPE D SAP files (e.g. Saturday_Demo.sap) to XEX.</li>
			<li>Fixed time detection for some FC files.</li>
		</ul>
	</release>

	<release version="3.1.0" date="2011-09-24">
		<ul>
			<li>The WASAP/Winamp/Apollo/XMPlay file information window now includes STIL
			(SAP Tune Information List) and technical data.</li>
			<li>Added Future Composer (*.fc) format (contributed by Jerzy Kut).</li>
			<li>Written <a href="http://asap.sourceforge.net/sap-format.html">specification of the SAP format</a>.</li>
			<li>XMPlay displays STIL, tracker name and RMT instrument names.</li>
			<li>The 64-bit setup package now includes the Windows Media Player plugin (useful for the Vista/7
			<a href="http://gallery.live.com/liveItemDetail.aspx?li=3af0c591-260b-4721-b28f-fa0f1d929760">sidebar WMP gadget</a>).</li>
			<li>The Java release now includes <code>asap.jar</code> for <a href="http://wudsn.com">WUDSN IDE</a>.</li>
			<li>asapplay in the D programming language ported to Linux and 64-bit compilers (by Adrian Matoga).</li>
		</ul>
	</release>

	<release version="3.0.1" date="2011-07-15">
		<ul>
			<li>Use linear interpolation for resampling (try Toxic_Cream.sap).</li>
			<li>Display titles of RMT, TMC and TM2 files.</li>
			<li>The GSPlayer plugin now works in new Windows Mobile versions.</li>
			<li>The Android player can play files directly from ZIP archives.</li>
			<li>asapconv can auto-detect the native format (<code>asapconv -o .%e *.sap</code>).</li>
			<li>asapconv can relocate modules (<code>asapconv --address=a000 -o relocated.tmc original.tmc</code>).</li>
			<li>asapconv can write metadata to WAV files.</li>
			<li>Created an experimental plugin for GStreamer (requires GStreamer with
			<a href="https://bugzilla.gnome.org/show_bug.cgi?id=654295">this bug</a> fixed - that is, 0.10.36 or newer).</li>
			<li>Converted XEX files disable the built-in BASIC.</li>
			<li>Converted XEX files clear the I flag for the TYPE D PLAYER routine.</li>
			<li>Doublequotes and pipes are now allowed characters in the AUTHOR and NAME tags.</li>
		</ul>
	</release>

	<release version="3.0.0" date="2011-05-24">
		<ul title="New ports">
			<li>Created a desktop player for <a href="http://www.adobe.com/products/air/">Adobe AIR</a>.</li>
			<li>Ported the Windows Media Player plugin to Windows CE.</li>
			<li>Created a setup package with the Windows Explorer plugin for 64-bit Windows.</li>
			<li>The Audacious plugin supports Audacious 2.5.</li>
			<li>Created RPM packages with asapconv, ASAP C library and the XMMS plugin.</li>
			<li>Created ASAP2WAV and a simple player in the D programming language.</li>
			<li>JavaScript ASAP2WAV now runs in DMDScript and JScript.NET.</li>
		</ul>
		<ul title="Emulation accuracy">
			<li>Corrected ANTIC and POKEY timings.</li>
			<li>Implemented STIMER, NMIST and NMIRES hardware registers.</li>
			<li>Made the CONSOL register readable.</li>
			<li>Fixed and optimized the undocumented 6502 instructions.</li>
		</ul>
		<ul title="Usability improvements">
			<li>Conversion to Atari executables (XEX format, also known as COM).</li>
			<li>RMT files can be extracted from SAP files created in Raster Music Tracker.</li>
			<li>Implemented subsongs, seek bar and pause in the Android port.</li>
			<li>Added a date picker in the WASAP/Winamp/Apollo/XMPlay file information window.</li>
			<li>The FASTPLAY tag can be up to 32767 (previously 312).</li>
			<li>Browser JavaScript player works on <code>file://</code> URLs.</li>
			<li>asapscan uses a much faster length detection algorithm.</li>
		</ul>
		<ul title="Bug fixes">
			<li>Many important fixes in the Audacious plugin.</li>
			<li>Many fixes in the Android port.</li>
		</ul>
		<ul title="Cleanup">
			<li>Rewritten the ASAP core in the <a href="http://cito.sourceforge.net">Ć programming language</a>.</li>
			<li>Removed <code>defaultPlaybackTime</code> and <code>loopPlaybackTime</code> parameters
			from the applet, Flash Player and Silverlight interfaces.</li>
		</ul>
	</release>

	<release version="2.1.2" date="2010-11-03">
		<ul>
			<li>New ports: Android, Audacious plugin, Silverlight and a simple command-line player using SDL.</li>
			<li>WASAP ported to Windows CE.</li>
			<li>Created a CAB package for Windows CE.</li>
			<li>WASAP opens the file selector when re-run.</li>
			<li>JavaScript ASAP2WAV now works in Rhino Shell, Google V8 shell, JScript.NET and JaegerMonkey.</li>
			<li>A slight fix and an optimization in 6502 emulation.</li>
			<li>"Show information about the currently playing file" now available in XMPlay and fixed in Winamp.</li>
		</ul>
	</release>

	<release version="2.1.1" date="2010-05-05">
		<ul>
			<li>NTSC tag in SAP files.</li>
			<li>Created a BASS add-on, works in AIMP.</li>
			<li>Fixed a crash in XMPlay.</li>
			<li>Fixed the XMMS plugin on big endian machines.</li>
			<li>Created a Windows Explorer extension to display metadata
			(title, author, year, duration, mono/stereo, number of subsongs, PAL/NTSC)
			and edit on Windows Vista/7.</li>
			<li>Created a simple player in C#.</li>
		</ul>
	</release>

	<release version="2.1.0" date="2010-02-02">
		<ul>
			<li>ASAP2WAV replaced with asapconv which can additionally
			convert native modules to and from the SAP format, edit SAP tags
			and write MP3 files using <a href="http://lame.sourceforge.net/">LAME</a>.</li>
			<li>Created a plugin for XMPlay.</li>
			<li>The foobar2000 plugin updated to foobar2000 1.0.</li>
			<li>Fixed time detection in RMT files.</li>
			<li>The PLAYER tag is now optional for TYPE D SAP files.</li>
			<li>A better validation in the "File Information" window.</li>
			<li>Windows Media Player's "Open" now includes ASAP file types.</li>
			<li>A progress bar when writing WAV files from WASAP.</li>
			<li>Flash player uses DEFSONG.</li>
			<li>Source code improved and migrated from CVS to Git.</li>
		</ul>
	</release>

	<release version="2.0.0" date="2009-12-10">
		<ul>
			<li>Created a Windows setup.</li>
			<li>ASAP ported to Flash Player and experimentally to JavaScript.</li>
			<li>New input formats: DLT, CMS and CM3.</li>
			<li>Added GTIA sound and COVOX.</li>
			<li>WASAP now includes "Save as WAV".</li>
			<li>Changed the JavaScript interface of the Java applet.</li>
			<li>Huge changes in the build process: on Unix/Linux it no longer uses
			the "configure" script and on Windows it uses MinGW for almost all binaries
			(they are smaller than Visual C++ 2008's, compatible with Windows 9x,
			wildcards work in ASAP2WAV).</li>
		</ul>
	</release>

	<release version="1.2.1" date="2009-05-08">
		<ul>
			<li>Created an XBMC plugin and a POKEY emulation DLL for RMT.</li>
			<li>The midlet has a progress bar, tags display, subsong selection and better performance.</li>
			<li>Slightly improved the SKCTL emulation.</li>
			<li>Converted the documentation from plain text to HTML.</li>
		</ul>
	</release>

	<release version="1.2.0" date="2008-03-29">
		<ul>
			<li>Created plugins for Windows Media Player and Apollo.</li>
			<li>Improved RMT duration detection.</li>
			<li>Fixed a bug in TMC to SAP conversion.</li>
			<li>ASAP can be compiled as C#.</li>
		</ul>
	</release>

	<release version="1.1.0" date="2008-02-17">
		<ul>
			<li>All formats supported by ASAP can be converted to and from the SAP format,
			using the file information window of WASAP or the Winamp plugin.
			Unlike SAP Maker, ASAP supports subsongs and TIME tags.</li>
			<li>Minor improvement of POKEY emulation.</li>
			<li>Fixed bugs in the XMMS plugin, the foobar2000 plugin and the applet.</li>
		</ul>
	</release>

	<release version="1.0.2" date="2007-11-02">
		<ul>
			<li>TIME tags can be edited in the file information window of WASAP and the Winamp plugin.</li>
			<li>Fixed a few emulation bugs.</li>
			<li>Fixed user interface issues in WASAP.</li>
		</ul>
	</release>

	<release version="1.0.1" date="2007-06-10">
		<ul>
			<li>Created a plugin for MOC (Music On Console).</li>
			<li>WASAP, the Winamp plugin and the foobar2000 plugin can edit AUTHOR, NAME and DATE tags in SAP files.</li>
			<li>Winamp and XMMS plugins format titles as specified by the player.</li>
			<li>TMC files are now played in stereo.</li>
			<li>Fixed a few minor bugs.</li>
		</ul>
	</release>

	<release version="1.0.0" date="2007-05-28">
		<ul>
			<li>This release introduces completely new 6502 and POKEY emulation.
			SAP files with samples are supported.</li>
			<li>ASAP can be compiled as Java - created an applet and an experimental midlet.</li>
			<li>Winamp, foobar2000 and GSPlayer plugins support silence detection and muting of selected POKEY channels.</li>
			<li>Winamp plugin supports subsongs and Winamp's equalizer.</li>
		</ul>
	</release>

	<release version="0.3.0" date="2007-05-06">
		<ul>
			<li>Added support for AUTHOR, NAME, DATE and TIME tags in SAP files.</li>
			<li>Winamp, foobar2000 and the new GSPlayer plugin have configurable playback time
			for songs with no TIME tag and songs marked with LOOP.</li>
			<li>foobar2000 plugin updated for version 0.9 of foobar2000.</li>
			<li>XMMS plugin supports the TM8 extension.</li>
		</ul>
	</release>

	<release version="0.2.1" date="2006-01-28">
		<ul>
			<li>Added the TM2 (Theta Music Composer 2.x) file format.</li>
			<li>Improved compilation and installation on Unix-like systems.</li>
			<li>foobar2000 plugin supports subsongs.</li>
		</ul>
	</release>

	<release version="0.2.0" date="2006-01-15">
		<ul>
			<li>Added stereo and 16-bit audio output, enabled by default.</li>
			<li>Fixed playback of compressed SAP files (for example Fractals.sap).</li>
			<li>Subsongs supported in RMT files.</li>
			<li>New plugins: for XMMS and for foobar2000 version 0.8.</li>
			<li>WASAP supports Windows Explorer's "Open with".</li>
		</ul>
	</release>

	<release version="0.1.0" date="2005-12-31">
		<ul>
			<li>This initial release included: ASAP2WAV - portable command-line converter of
			Atari 8-bit music to WAV files, WASAP - tiny player for Windows and in_asap - a Winamp plugin.</li>
			<li>It supported the following formats: SAP (except for samples and stereo),
			CMC, CMR, DMC, MPT (without samples), MPD, RMT (mono) and TMC (mono).</li>
		</ul>
	</release>
</page>
