<?xml-stylesheet type="text/xsl" href="PORTS.xsl" ?>
<ports>
	<port name="WASAP">
		<bin>Windows</bin>
		<platform>Windows</platform>
		<interface>GUI</interface>
		<since>0.1.0</since>
		<status>stable</status>
		<output>16-bit, sound or WAV file</output>
		<subsongs>yes</subsongs>
		<file-info>yes</file-info>
		<edit-info>yes</edit-info>
		<convert-sap>yes</convert-sap>
		<config-time>no</config-time>
		<mute-pokey>no</mute-pokey>
		<stil>yes</stil>
		<lang>C</lang>
	</port>
	<port name="Winamp plugin">
		<bin>Windows</bin>
		<platform>Windows</platform>
		<interface>player plugin</interface>
		<since>0.1.0</since>
		<status>stable</status>
		<output>16-bit sound</output>
		<subsongs>yes</subsongs>
		<file-info>yes</file-info>
		<edit-info>yes</edit-info>
		<convert-sap>yes</convert-sap>
		<config-time>yes</config-time>
		<mute-pokey>yes</mute-pokey>
		<stil>yes</stil>
		<comment class="good">Plays from ATR disk images</comment>
		<lang>C</lang>
		<a href="https://www.winamp.com/">Winamp</a>
	</port>
	<port name="XMMS plugin">
		<bin></bin>
		<platform>Linux</platform>
		<interface>player plugin</interface>
		<since>0.2.0</since>
		<status>stable</status>
		<output>16-bit sound</output>
		<subsongs>no</subsongs>
		<file-info>yes</file-info>
		<edit-info>no</edit-info>
		<convert-sap>no</convert-sap>
		<config-time>no</config-time>
		<mute-pokey>no</mute-pokey>
		<stil>no</stil>
		<lang>C</lang>
		<a href="https://xmms.org/">XMMS</a>
	</port>
	<port name="foobar2000 plugin">
		<bin>Windows, foo_asap</bin>
		<platform>Windows</platform>
		<interface>player plugin</interface>
		<since>0.2.0</since>
		<status>stable</status>
		<output>16-bit sound</output>
		<subsongs>yes</subsongs>
		<file-info>yes</file-info>
		<edit-info>yes, multi-file</edit-info>
		<convert-sap>yes</convert-sap>
		<config-time>yes</config-time>
		<mute-pokey>yes</mute-pokey>
		<stil>yes</stil>
		<comment class="good">Plays all foobar2000-supported formats from ATR disk images</comment>
		<lang>C, C++</lang>
		<a href="https://www.foobar2000.org/">foobar2000</a>
	</port>
	<port name="MOC plugin">
		<bin></bin>
		<platform>Linux</platform>
		<interface>player plugin</interface>
		<since>1.0.1</since>
		<status>stable</status>
		<output>16-bit sound</output>
		<subsongs>no</subsongs>
		<file-info>AUTHOR, NAME</file-info>
		<edit-info>no</edit-info>
		<convert-sap>no</convert-sap>
		<config-time>no</config-time>
		<mute-pokey>no</mute-pokey>
		<stil>no</stil>
		<lang>C</lang>
		<a href="https://moc.daper.net/">MOC</a>
	</port>
	<port name="POKEY DLL for RMT">
		<bin>Windows</bin>
		<platform>Windows</platform>
		<interface>composer plugin</interface>
		<since>1.2.1</since>
		<status>stable</status>
		<output>8 or 16-bit sound</output>
		<subsongs>N/A</subsongs>
		<file-info>N/A</file-info>
		<edit-info>N/A</edit-info>
		<convert-sap>N/A</convert-sap>
		<config-time>N/A</config-time>
		<mute-pokey>N/A</mute-pokey>
		<stil>N/A</stil>
		<lang>C</lang>
		<a href="http://raster.infos.cz/atari/rmt/rmt.htm">Raster Music Tracker</a>
	</port>
	<port name="Browser JavaScript player">
		<bin>Web</bin>
		<platform>web browsers</platform>
		<interface>via JavaScript</interface>
		<since>2.0.0</since>
		<status>stable</status>
		<output>floating-point sound</output>
		<subsongs>yes</subsongs>
		<file-info>yes</file-info>
		<edit-info>no</edit-info>
		<convert-sap>no</convert-sap>
		<config-time>no</config-time>
		<mute-pokey>no</mute-pokey>
		<stil>no</stil>
		<lang>JavaScript</lang>
		<a href="https://asap.sourceforge.net/web.html">online demo</a>
	</port>
	<port name="asapconv">
		<bin>Windows, macOS, Linux</bin>
		<platform>desktop operating systems</platform>
		<interface>command line</interface>
		<since>2.1.0</since>
		<status>stable</status>
		<output>8 or 16-bit, WAV, raw or MP3, file or stdout</output>
		<subsongs>yes</subsongs>
		<file-info>no</file-info>
		<edit-info>yes, multi-file</edit-info>
		<convert-sap>yes, multi-file</convert-sap>
		<config-time>yes</config-time>
		<mute-pokey>yes</mute-pokey>
		<stil>no</stil>
		<lang>C</lang>
	</port>
	<port name="XMPlay plugin">
		<bin>Windows</bin>
		<platform>Windows</platform>
		<interface>player plugin</interface>
		<since>2.1.0</since>
		<status>stable</status>
		<output>16-bit sound</output>
		<subsongs>yes</subsongs>
		<file-info>yes</file-info>
		<edit-info>yes</edit-info>
		<convert-sap>yes</convert-sap>
		<config-time>yes</config-time>
		<mute-pokey>yes</mute-pokey>
		<stil>yes</stil>
		<comment class="good">Displays RMT instrument names</comment>
		<lang>C</lang>
		<a href="https://www.un4seen.com/xmplay.html">XMPlay</a>
	</port>
	<port name="BASS add-on">
		<bin>Windows</bin>
		<platform>Windows</platform>
		<interface>library add-on</interface>
		<since>2.1.1</since>
		<status>stable</status>
		<output>16-bit sound</output>
		<subsongs>no</subsongs>
		<file-info>AUTHOR, NAME, DATE (year)</file-info>
		<edit-info>no</edit-info>
		<convert-sap>no</convert-sap>
		<config-time>no</config-time>
		<mute-pokey>no</mute-pokey>
		<stil>no</stil>
		<lang>C</lang>
		<a href="https://www.un4seen.com/bass.html">BASS</a>
	</port>
	<port name="Windows Explorer extension">
		<bin>Windows</bin>
		<platform>Windows</platform>
		<interface>Windows Explorer</interface>
		<since>2.1.1</since>
		<status>stable</status>
		<output>N/A</output>
		<subsongs>N/A</subsongs>
		<file-info>yes</file-info>
		<edit-info>only on Windows Vista and newer: AUTHOR, NAME, DATE (year), multi-file</edit-info>
		<convert-sap>no</convert-sap>
		<config-time>N/A</config-time>
		<mute-pokey>N/A</mute-pokey>
		<stil>no</stil>
		<lang>C, C++</lang>
	</port>
	<port name="AndroidASAP">
		<bin>Android</bin>
		<platform>Android</platform>
		<interface>GUI</interface>
		<since>2.1.2</since>
		<status>in develop&#173;ment</status>
		<output>16-bit sound</output>
		<subsongs>yes</subsongs>
		<file-info>yes</file-info>
		<edit-info>no</edit-info>
		<convert-sap>no</convert-sap>
		<config-time>no</config-time>
		<mute-pokey>no</mute-pokey>
		<stil>no</stil>
		<comment class="good">Plays from ZIP archives</comment>
		<lang>Java</lang>
	</port>
	<port name="VLC plugin">
		<bin>Windows, macOS, Linux</bin>
		<platform>Windows, macOS, Linux</platform>
		<interface>player plugin</interface>
		<since>3.1.2</since>
		<status>stable</status>
		<output>16-bit sound</output>
		<subsongs>yes</subsongs>
		<file-info>yes</file-info>
		<edit-info>no</edit-info>
		<convert-sap>no</convert-sap>
		<config-time>no</config-time>
		<mute-pokey>no</mute-pokey>
		<stil>no</stil>
		<comment class="bad">SAP, FC, RMT formats only</comment>
		<lang>C</lang>
		<a href="https://www.videolan.org/vlc/">VLC</a>
	</port>
	<port name="XMMS2 plugin">
		<bin>Linux</bin>
		<platform>Linux</platform>
		<interface>player plugin</interface>
		<since>5.2.0</since>
		<status>stable</status>
		<output>16-bit sound</output>
		<subsongs>no</subsongs>
		<file-info>yes</file-info>
		<edit-info>no</edit-info>
		<convert-sap>no</convert-sap>
		<config-time>no</config-time>
		<mute-pokey>no</mute-pokey>
		<stil>no</stil>
		<comment class="bad">SAP format only</comment>
		<lang>C</lang>
		<a href="http://www.xmms2.org/">XMMS2</a>
	</port>
	<port name="GSPlayer">
		<bin></bin>
		<platform>Windows CE, Windows</platform>
		<interface>player plugin</interface>
		<since>0.3.0</since>
		<status>discontinued</status>
		<output>16-bit sound</output>
		<subsongs>no</subsongs>
		<file-info>AUTHOR, NAME</file-info>
		<edit-info>no</edit-info>
		<convert-sap>no</convert-sap>
		<config-time>yes</config-time>
		<mute-pokey>yes</mute-pokey>
		<stil>no</stil>
		<lang>C</lang>
		<a href="http://hp.vector.co.jp/authors/VA032810/">GSPlayer</a>
	</port>
	<port name="Java applet">
		<bin></bin>
		<platform>web browser</platform>
		<interface>via HTML or JavaScript</interface>
		<since>1.0.0</since>
		<status>discontinued</status>
		<output>16-bit sound</output>
		<subsongs>yes</subsongs>
		<file-info>yes</file-info>
		<edit-info>no</edit-info>
		<convert-sap>no</convert-sap>
		<config-time>no</config-time>
		<mute-pokey>no</mute-pokey>
		<stil>no</stil>
		<lang>Java</lang>
	</port>
	<port name="Java midlet">
		<bin></bin>
		<platform>mobile devices</platform>
		<interface>GUI</interface>
		<since>1.0.0</since>
		<status>discontinued</status>
		<output>8-bit sound</output>
		<subsongs>yes</subsongs>
		<file-info>yes</file-info>
		<edit-info>no</edit-info>
		<convert-sap>no</convert-sap>
		<config-time>no</config-time>
		<mute-pokey>no</mute-pokey>
		<stil>no</stil>
		<lang>Java</lang>
	</port>
	<port name="Windows Media Player plugin">
		<bin></bin>
		<platform>Windows, Windows CE</platform>
		<interface>player plugin</interface>
		<since>1.2.0</since>
		<status>discontinued</status>
		<output>16-bit sound</output>
		<subsongs>experi&#173;mental</subsongs>
		<file-info>AUTHOR, NAME (experi&#173;mental)</file-info>
		<edit-info>no</edit-info>
		<convert-sap>no</convert-sap>
		<config-time>no</config-time>
		<mute-pokey>no</mute-pokey>
		<stil>no</stil>
		<comment class="partial">No subsongs or file infor&#173;mation in the standard Windows Media Player</comment>
		<lang>C, C++</lang>
		<a href="http://www.microsoft.com/windows/windowsmedia/player/">Windows Media Player</a>
	</port>
	<port name="Apollo plugin">
		<bin>Windows</bin>
		<platform>Windows</platform>
		<interface>player plugin</interface>
		<since>1.2.0</since>
		<status>discontinued</status>
		<output>16-bit sound</output>
		<subsongs>no</subsongs>
		<file-info>yes</file-info>
		<edit-info>yes</edit-info>
		<convert-sap>yes</convert-sap>
		<config-time>yes</config-time>
		<mute-pokey>yes</mute-pokey>
		<stil>yes</stil>
		<lang>C, C++</lang>
		<a href="http://koti.welho.com/hylinen/apollo/">Apollo</a>
	</port>
	<port name="XBMC plugin">
		<bin></bin>
		<platform>Windows, Linux</platform>
		<interface>player plugin</interface>
		<since>1.2.1</since>
		<status>discontinued</status>
		<output>16-bit sound</output>
		<subsongs>yes</subsongs>
		<file-info>yes</file-info>
		<edit-info>no</edit-info>
		<convert-sap>no</convert-sap>
		<config-time>no</config-time>
		<mute-pokey>no</mute-pokey>
		<stil>no</stil>
		<lang>C</lang>
		<a href="http://xbmc.org/">XBMC</a>
	</port>
	<port name="Flash player">
		<bin></bin>
		<platform>Flash Player</platform>
		<interface>via HTML or JavaScript</interface>
		<since>2.0.0</since>
		<status>discontinued</status>
		<output>32-bit floating-point sound</output>
		<subsongs>yes</subsongs>
		<file-info>yes</file-info>
		<edit-info>no</edit-info>
		<convert-sap>no</convert-sap>
		<config-time>no</config-time>
		<mute-pokey>no</mute-pokey>
		<stil>no</stil>
		<lang>Action&#173;Script 3</lang>
	</port>
	<port name="SilverASAP">
		<bin></bin>
		<platform>Silverlight</platform>
		<interface>via HTML or JavaScript</interface>
		<since>2.1.2</since>
		<status>discontinued</status>
		<output>16-bit sound</output>
		<subsongs>yes</subsongs>
		<file-info>yes</file-info>
		<edit-info>no</edit-info>
		<convert-sap>no</convert-sap>
		<config-time>no</config-time>
		<mute-pokey>no</mute-pokey>
		<stil>no</stil>
		<lang>C#</lang>
	</port>
	<port name="Audacious plugin">
		<bin></bin>
		<platform>Linux, Windows</platform>
		<interface>player plugin</interface>
		<since>2.1.2</since>
		<status>discontinued</status>
		<output>16-bit sound</output>
		<subsongs>yes</subsongs>
		<file-info>yes</file-info>
		<edit-info>AUTHOR, NAME, DATE (year)</edit-info>
		<convert-sap>no</convert-sap>
		<config-time>no</config-time>
		<mute-pokey>no</mute-pokey>
		<stil>no</stil>
		<lang>C</lang>
		<a href="https://audacious-media-player.org/">Audacious</a>
	</port>
	<port name="WASAP (Windows CE)">
		<bin></bin>
		<platform>Windows CE</platform>
		<interface>GUI</interface>
		<since>2.1.2</since>
		<status>discontinued</status>
		<output>16-bit sound</output>
		<subsongs>yes</subsongs>
		<file-info>no</file-info>
		<edit-info>no</edit-info>
		<convert-sap>no</convert-sap>
		<config-time>no</config-time>
		<mute-pokey>no</mute-pokey>
		<stil>no</stil>
		<lang>C</lang>
	</port>
	<port name="AIRASAP">
		<bin></bin>
		<platform>Adobe AIR</platform>
		<interface>GUI</interface>
		<since>3.0.0</since>
		<status>discontinued</status>
		<output>32-bit floating-point sound</output>
		<subsongs>yes</subsongs>
		<file-info>yes</file-info>
		<edit-info>no</edit-info>
		<convert-sap>no</convert-sap>
		<config-time>no</config-time>
		<mute-pokey>no</mute-pokey>
		<stil>no</stil>
		<lang>JavaScript</lang>
	</port>
	<port name="asapplay (D)">
		<bin></bin>
		<platform>Windows, Linux</platform>
		<interface>command line</interface>
		<since>3.0.0</since>
		<status>discontinued</status>
		<output>16-bit sound</output>
		<subsongs>yes</subsongs>
		<file-info>AUTHOR, NAME, TIME</file-info>
		<edit-info>no</edit-info>
		<convert-sap>no</convert-sap>
		<config-time>yes</config-time>
		<mute-pokey>no</mute-pokey>
		<stil>no</stil>
		<lang>D</lang>
	</port>
	<port name="GStreamer plugin">
		<bin></bin>
		<platform>Linux, Windows</platform>
		<interface>library plugin</interface>
		<since>3.0.1</since>
		<status>discontinued</status>
		<output>16-bit sound</output>
		<subsongs>yes</subsongs>
		<file-info>yes</file-info>
		<edit-info>no</edit-info>
		<convert-sap>no</convert-sap>
		<config-time>no</config-time>
		<mute-pokey>no</mute-pokey>
		<stil>no</stil>
		<comment class="bad">SAP format only</comment>
		<lang>C</lang>
		<a href="https://gstreamer.freedesktop.org/">GStreamer</a>
	</port>
	<port name="MetroASAP">
		<bin></bin>
		<platform>Windows 8</platform>
		<interface>Metro</interface>
		<since>3.1.3</since>
		<status>discontinued</status>
		<output>16-bit sound</output>
		<subsongs>no</subsongs>
		<file-info>no</file-info>
		<edit-info>no</edit-info>
		<convert-sap>no</convert-sap>
		<config-time>no</config-time>
		<mute-pokey>no</mute-pokey>
		<stil>no</stil>
		<lang>C#</lang>
	</port>
	<port name="ASAP2WAV (Perl)">
		<bin></bin>
		<platform>desktop operating systems</platform>
		<interface>command line</interface>
		<since>3.1.4</since>
		<status>discontinued</status>
		<output>8 or 16-bit, WAV or raw file</output>
		<subsongs>yes</subsongs>
		<file-info>no</file-info>
		<edit-info>no</edit-info>
		<convert-sap>no</convert-sap>
		<config-time>yes</config-time>
		<mute-pokey>yes</mute-pokey>
		<stil>no</stil>
		<lang>Perl</lang>
	</port>
	<port name="ASAP2WAV (Java)">
		<bin></bin>
		<platform>desktop operating systems</platform>
		<interface>command line</interface>
		<since>1.0.0</since>
		<status>sample</status>
		<output>8 or 16-bit, WAV or raw, file or stdout</output>
		<subsongs>yes</subsongs>
		<file-info>no</file-info>
		<edit-info>no</edit-info>
		<convert-sap>no</convert-sap>
		<config-time>yes</config-time>
		<mute-pokey>yes</mute-pokey>
		<stil>no</stil>
		<lang>Java</lang>
	</port>
	<port name="ASAP2WAV (C#)">
		<bin></bin>
		<platform>desktop operating systems</platform>
		<interface>command line</interface>
		<since>1.2.0</since>
		<status>sample</status>
		<output>8 or 16-bit, WAV or raw file</output>
		<subsongs>yes</subsongs>
		<file-info>no</file-info>
		<edit-info>no</edit-info>
		<convert-sap>no</convert-sap>
		<config-time>yes</config-time>
		<mute-pokey>yes</mute-pokey>
		<stil>no</stil>
		<lang>C#</lang>
	</port>
	<port name="ASAP2WAV (JavaScript)">
		<bin></bin>
		<platform>desktop operating systems</platform>
		<interface>command line</interface>
		<since>2.0.0</since>
		<status>sample</status>
		<output>8 or 16-bit, WAV or raw file</output>
		<subsongs>yes</subsongs>
		<file-info>no</file-info>
		<edit-info>no</edit-info>
		<convert-sap>no</convert-sap>
		<config-time>yes</config-time>
		<mute-pokey>yes</mute-pokey>
		<stil>no</stil>
		<lang>JavaScript</lang>
	</port>
	<port name="asapplay (C#)">
		<bin></bin>
		<platform>desktop operating systems</platform>
		<interface>command line</interface>
		<since>2.1.1</since>
		<status>sample</status>
		<output>16-bit sound</output>
		<subsongs>yes</subsongs>
		<file-info>no</file-info>
		<edit-info>no</edit-info>
		<convert-sap>no</convert-sap>
		<config-time>yes</config-time>
		<mute-pokey>no</mute-pokey>
		<stil>no</stil>
		<lang>C#</lang>
	</port>
	<port name="asap-sdl">
		<bin></bin>
		<platform>desktop operating systems</platform>
		<interface>command line</interface>
		<since>2.1.2</since>
		<status>sample</status>
		<output>16-bit sound</output>
		<subsongs>yes</subsongs>
		<file-info>yes</file-info>
		<edit-info>no</edit-info>
		<convert-sap>no</convert-sap>
		<config-time>no</config-time>
		<mute-pokey>no</mute-pokey>
		<stil>no</stil>
		<lang>C</lang>
		<a href="https://www.libsdl.org/">SDL</a>
	</port>
	<port name="ASAP2WAV (D)">
		<bin></bin>
		<platform>desktop operating systems</platform>
		<interface>command line</interface>
		<since>3.0.0</since>
		<status>sample</status>
		<output>8 or 16-bit, WAV or raw file</output>
		<subsongs>yes</subsongs>
		<file-info>no</file-info>
		<edit-info>no</edit-info>
		<convert-sap>no</convert-sap>
		<config-time>yes</config-time>
		<mute-pokey>yes</mute-pokey>
		<stil>no</stil>
		<lang>D</lang>
	</port>
	<port name="ASAP2WAV (Python)">
		<bin></bin>
		<platform>desktop operating systems</platform>
		<interface>command line</interface>
		<since>5.1.0</since>
		<status>sample</status>
		<output>8 or 16-bit, WAV or raw file</output>
		<subsongs>yes</subsongs>
		<file-info>no</file-info>
		<edit-info>no</edit-info>
		<convert-sap>no</convert-sap>
		<config-time>yes</config-time>
		<mute-pokey>yes</mute-pokey>
		<stil>no</stil>
		<lang>Python</lang>
	</port>
	<port name="ASAP2WAV (Swift)">
		<bin></bin>
		<platform>desktop operating systems</platform>
		<interface>command line</interface>
		<since>5.1.0</since>
		<status>sample</status>
		<output>8 or 16-bit, WAV or raw file</output>
		<subsongs>yes</subsongs>
		<file-info>no</file-info>
		<edit-info>no</edit-info>
		<convert-sap>no</convert-sap>
		<config-time>yes</config-time>
		<mute-pokey>yes</mute-pokey>
		<stil>no</stil>
		<lang>Swift</lang>
	</port>
	<port name="ASAPCL">
		<bin></bin>
		<platform>desktop operating systems</platform>
		<interface>command line</interface>
		<since>5.2.0</since>
		<status>sample</status>
		<output>16-bit WAV file</output>
		<subsongs>no</subsongs>
		<file-info>no</file-info>
		<edit-info>no</edit-info>
		<convert-sap>no</convert-sap>
		<config-time>no</config-time>
		<mute-pokey>no</mute-pokey>
		<stil>no</stil>
		<lang>OpenCL</lang>
	</port>
</ports>
